<?xml version="1.0" encoding="UTF-8"?>
<project-private xmlns="http://www.netbeans.org/ns/project-private/1">
    <editor-bookmarks xmlns="http://www.netbeans.org/ns/editor-bookmarks/2" lastBookmarkId="0"/>
    <open-files xmlns="http://www.netbeans.org/ns/projectui-open-files/2">
        <group>
            <file>file:/C:/xampp/htdocs/Telmex-VIP/application/controllers/ReporteTiemposKo.php</file>
            <file>file:/C:/xampp/htdocs/Telmex-VIP/application/controllers/LoadInformation.php</file>
            <file>file:/C:/xampp/htdocs/Telmex-VIP/application/views/parts/headerF.php</file>
            <file>file:/C:/xampp/htdocs/Telmex-VIP/application/views/loadInformation.php</file>
            <file>file:/C:/xampp/htdocs/Telmex-VIP/assets/css/inputFile.css</file>
            <file>file:/C:/xampp/htdocs/Telmex-VIP/application/views/reporteTiemposKo.php</file>
            <file>file:/C:/xampp/htdocs/Telmex-VIP/assets/js/modules/loadInformation.js</file>
            <file>file:/C:/xampp/htdocs/Telmex-VIP/application/models/data/Dao_reportes_model.php</file>
            <file>file:/C:/xampp/htdocs/Telmex-VIP/assets/js/modules/reporteTiemposKo.js</file>
        </group>
    </open-files>
</project-private>
